,species,model,strength_MPa,citations
16,Ag,EAM_Dynamo_ZhouJohnsonWadley_2004NISTretabulation_CuAgAu__MO_318213562153_000,832.0,"\cite{OpenKIM-MO:318213562153:000a},\cite{OpenKIM-MO:318213562153:000},\cite{OpenKIM-MD:120291908751:005}"
19,Ag,EAM_Dynamo_ZhouJohnsonWadley_2004_Ag__MO_947112899505_005,837.0,"\cite{OpenKIM-MO:947112899505:005a},\cite{OpenKIM-MO:947112899505:005b},\cite{OpenKIM-MO:947112899505:005},\cite{OpenKIM-MD:120291908751:005}"
8,Ag,EAM_Dynamo_PanBorovikovMendelev_2108_AgNi__MO_222110751402_000,858.0,"\cite{OpenKIM-MO:222110751402:000a},\cite{OpenKIM-MO:222110751402:000},\cite{OpenKIM-MD:120291908751:005}"
13,Ag,EAM_Dynamo_WuTrinkle_2009_CuAg__MO_270337113239_005,905.0,"\cite{OpenKIM-MO:270337113239:005a},\cite{OpenKIM-MO:270337113239:005},\cite{OpenKIM-MD:120291908751:005}"
11,Ag,EAM_Dynamo_WilliamsMishinHamilton_2006_CuAg__MO_128703483589_005,908.0,"\cite{OpenKIM-MO:128703483589:005a},\cite{OpenKIM-MO:128703483589:005},\cite{OpenKIM-MD:120291908751:005}"
14,Ag,EAM_Dynamo_WuTrinkle_2009_CuAg__MO_270337113239_005,908.0,"\cite{OpenKIM-MO:270337113239:005a},\cite{OpenKIM-MO:270337113239:005},\cite{OpenKIM-MD:120291908751:005}"
4,Ag,EAM_Dynamo_HaleWongZimmerman_2008PairHybrid_PdAgH__MO_104806802344_005,912.0,"\cite{OpenKIM-MO:104806802344:005a},\cite{OpenKIM-MO:104806802344:005b},\cite{OpenKIM-MO:104806802344:005},\cite{OpenKIM-MD:120291908751:005}"
10,Ag,EAM_Dynamo_WilliamsMishinHamilton_2006_Ag__MO_131620013077_005,912.0,"\cite{OpenKIM-MO:131620013077:005a},\cite{OpenKIM-MO:131620013077:005},\cite{OpenKIM-MD:120291908751:005}"
6,Ag,EAM_Dynamo_HaleWongZimmerman_2008PairMorse_PdAgH__MO_108983864770_005,923.0,"\cite{OpenKIM-MO:108983864770:005a},\cite{OpenKIM-MO:108983864770:005b},\cite{OpenKIM-MO:108983864770:005},\cite{OpenKIM-MD:120291908751:005}"
2,Ag,EAM_Dynamo_AdamsFoilesWolfer_1989Universal6_Ag__MO_681640899874_000,1064.0,"\cite{OpenKIM-MO:681640899874:000a},\cite{OpenKIM-MO:681640899874:000},\cite{OpenKIM-MD:120291908751:005}"
3,Ag,EAM_Dynamo_FoilesBaskesDaw_1986Universal3_Ag__MO_626948998302_000,1077.0,"\cite{OpenKIM-MO:626948998302:000a},\cite{OpenKIM-MO:626948998302:000b},\cite{OpenKIM-MO:626948998302:000},\cite{OpenKIM-MD:120291908751:005}"
1,Ag,EAM_Dynamo_AcklandTichyVitek_1987v2_Ag__MO_055919219575_000,1326.0,"\cite{OpenKIM-MO:055919219575:000a},\cite{OpenKIM-MO:055919219575:000},\cite{OpenKIM-MD:120291908751:005}"
0,Ag,EAM_Dynamo_AcklandTichyVitek_1987_Ag__MO_212700056563_005,1354.0,"\cite{OpenKIM-MO:212700056563:005a},\cite{OpenKIM-MO:212700056563:005},\cite{OpenKIM-MD:120291908751:005}"
150,Ag,Sim_LAMMPS_MEAM_GaoOterodelaRozaAouadi_2013_AgTaO__SM_485325656366_001,1895.0,"\cite{OpenKIM-SM:485325656366:001a},\cite{OpenKIM-SM:485325656366:001}"
20,Al,EAM_Dynamo_AngeloMoodyBaskes_1995_NiAlH__MO_418978237058_005,501.0,"\cite{OpenKIM-MO:418978237058:005a},\cite{OpenKIM-MO:418978237058:005b},\cite{OpenKIM-MO:418978237058:005},\cite{OpenKIM-MD:120291908751:005}"
58,Al,EAM_Dynamo_ZhouJohnsonWadley_2004_Al__MO_131650261510_005,542.0,"\cite{OpenKIM-MO:131650261510:005a},\cite{OpenKIM-MO:131650261510:005b},\cite{OpenKIM-MO:131650261510:005},\cite{OpenKIM-MD:120291908751:005}"
59,Al,EAM_Dynamo_ZhouWadleyJohnson_2001_Al__MO_049243498555_000,552.0,"\cite{OpenKIM-MO:049243498555:000a},\cite{OpenKIM-MO:049243498555:000b},\cite{OpenKIM-MO:049243498555:000},\cite{OpenKIM-MD:120291908751:005}"
22,Al,EAM_Dynamo_CaiYe_1996_AlCu__MO_942551040047_005,585.0,"\cite{OpenKIM-MO:942551040047:005a},\cite{OpenKIM-MO:942551040047:005},\cite{OpenKIM-MD:120291908751:005}"
54,Al,EAM_Dynamo_VailheFarkas_1997_CoAl__MO_284963179498_005,621.0,"\cite{OpenKIM-MO:284963179498:005a},\cite{OpenKIM-MO:284963179498:005},\cite{OpenKIM-MD:120291908751:005}"
57,Al,EAM_Dynamo_ZhouJohnsonWadley_2004NISTretabulation_Al__MO_060567868558_000,636.0,"\cite{OpenKIM-MO:060567868558:000a},\cite{OpenKIM-MO:060567868558:000b},\cite{OpenKIM-MO:060567868558:000},\cite{OpenKIM-MD:120291908751:005}"
55,Al,EAM_Dynamo_WineyKubotaGupta_2010_Al__MO_149316865608_005,652.0,"\cite{OpenKIM-MO:149316865608:005a},\cite{OpenKIM-MO:149316865608:005b},\cite{OpenKIM-MO:149316865608:005c},\cite{OpenKIM-MO:149316865608:005},\cite{OpenKIM-MD:120291908751:005}"
53,Al,EAM_Dynamo_SturgeonLaird_2000_Al__MO_120808805541_005,683.0,"\cite{OpenKIM-MO:120808805541:005a},\cite{OpenKIM-MO:120808805541:005},\cite{OpenKIM-MD:120291908751:005}"
155,Al,Sim_LAMMPS_MEAM_AlmyrasSangiovanniSarakinos_2019_NAlTi__SM_871795249052_000,686.0,"\cite{OpenKIM-SM:871795249052:000a},\cite{OpenKIM-SM:871795249052:000}"
28,Al,EAM_Dynamo_JacobsenNorskovPuska_1987_Al__MO_411692133366_000,731.0,"\cite{OpenKIM-MO:411692133366:000a},\cite{OpenKIM-MO:411692133366:000},\cite{OpenKIM-MD:120291908751:005}"
153,Al,Sim_LAMMPS_ADP_StarikovGordeevLysogorskiy_2020_SiAuAl__SM_113843830602_000,745.0,"\cite{OpenKIM-SM:113843830602:000a},\cite{OpenKIM-SM:113843830602:000}"
56,Al,EAM_Dynamo_Zhakhovsky_2009_Al__MO_519613893196_000,758.0,"\cite{OpenKIM-MO:519613893196:000a},\cite{OpenKIM-MO:519613893196:000},\cite{OpenKIM-MD:120291908751:005}"
50,Al,EAM_Dynamo_SchopfBrommerFrigan_2012_AlMnPd__MO_137572817842_000,771.0,"\cite{OpenKIM-MO:137572817842:000a},\cite{OpenKIM-MO:137572817842:000},\cite{OpenKIM-MD:120291908751:005}"
159,Al,Sim_LAMMPS_MEAM_PascuetFernandez_2015_Al__SM_811588957187_000,789.0,"\cite{OpenKIM-SM:811588957187:000a},\cite{OpenKIM-SM:811588957187:000}"
39,Al,EAM_Dynamo_MendelevSrolovitzAckland_2005_AlFe__MO_577453891941_005,809.0,"\cite{OpenKIM-MO:577453891941:005a},\cite{OpenKIM-MO:577453891941:005},\cite{OpenKIM-MD:120291908751:005}"
158,Al,Sim_LAMMPS_MEAM_PascuetFernandez_2015_AlU__SM_721930391003_000,817.0,"\cite{OpenKIM-SM:721930391003:000a},\cite{OpenKIM-SM:721930391003:000}"
38,Al,EAM_Dynamo_MendelevKramerBecker_2008_Al__MO_106969701023_005,893.0,"\cite{OpenKIM-MO:106969701023:005a},\cite{OpenKIM-MO:106969701023:005},\cite{OpenKIM-MD:120291908751:005}"
36,Al,EAM_Dynamo_MendelevAstaRahman_2009_AlMg__MO_658278549784_005,899.0,"\cite{OpenKIM-MO:658278549784:005a},\cite{OpenKIM-MO:658278549784:005},\cite{OpenKIM-MD:120291908751:005}"
27,Al,EAM_Dynamo_FarkasJones_1996_NbTiAl__MO_042691367780_000,986.0,"\cite{OpenKIM-MO:042691367780:000a},\cite{OpenKIM-MO:042691367780:000},\cite{OpenKIM-MD:120291908751:005}"
37,Al,EAM_Dynamo_MendelevFangYe_2015_AlSm__MO_338600200739_000,998.0,"\cite{OpenKIM-MO:338600200739:000a},\cite{OpenKIM-MO:338600200739:000},\cite{OpenKIM-MD:120291908751:005}"
24,Al,EAM_Dynamo_ErcolessiAdams_1994_Al__MO_123629422045_005,1027.0,"\cite{OpenKIM-MO:123629422045:005a},\cite{OpenKIM-MO:123629422045:005},\cite{OpenKIM-MD:120291908751:005}"
61,Al,EAM_Dynamo_ZopeMishin_2003_TiAl__MO_117656786760_005,1069.0,"\cite{OpenKIM-MO:117656786760:005a},\cite{OpenKIM-MO:117656786760:005},\cite{OpenKIM-MD:120291908751:005}"
43,Al,EAM_Dynamo_Mishin_2004_NiAl__MO_101214310689_005,1075.0,"\cite{OpenKIM-MO:101214310689:005a},\cite{OpenKIM-MO:101214310689:005},\cite{OpenKIM-MD:120291908751:005}"
33,Al,EAM_Dynamo_LiuLiuBorucki_1999_AlCu__MO_020851069572_000,1077.0,"\cite{OpenKIM-MO:020851069572:000a},\cite{OpenKIM-MO:020851069572:000},\cite{OpenKIM-MD:120291908751:005}"
60,Al,EAM_Dynamo_ZopeMishin_2003_Al__MO_664470114311_005,1077.0,"\cite{OpenKIM-MO:664470114311:005a},\cite{OpenKIM-MO:664470114311:005},\cite{OpenKIM-MD:120291908751:005}"
29,Al,EAM_Dynamo_LandaWynblattSiegel_2000_AlPb__MO_699137396381_005,1088.0,"\cite{OpenKIM-MO:699137396381:005a},\cite{OpenKIM-MO:699137396381:005b},\cite{OpenKIM-MO:699137396381:005c},\cite{OpenKIM-MO:699137396381:005},\cite{OpenKIM-MD:120291908751:005}"
47,Al,EAM_Dynamo_PunYamakovMishin_2013_AlCo__MO_678952612413_000,1096.0,"\cite{OpenKIM-MO:678952612413:000a},\cite{OpenKIM-MO:678952612413:000},\cite{OpenKIM-MD:120291908751:005}"
35,Al,EAM_Dynamo_LiuOhotnickyAdams_1997_AlMg__MO_559870613549_000,1099.0,"\cite{OpenKIM-MO:559870613549:000a},\cite{OpenKIM-MO:559870613549:000},\cite{OpenKIM-MD:120291908751:005}"
40,Al,EAM_Dynamo_MishinFarkasMehl_1999_Al__MO_651801486679_005,1102.0,"\cite{OpenKIM-MO:651801486679:005a},\cite{OpenKIM-MO:651801486679:005},\cite{OpenKIM-MD:120291908751:005}"
151,Al,Sim_LAMMPS_ADP_ApostolMishin_2011_AlCu__SM_667696763561_000,1107.0,"\cite{OpenKIM-SM:667696763561:000a},\cite{OpenKIM-SM:667696763561:000}"
45,Al,EAM_Dynamo_PunMishin_2009_NiAl__MO_751354403791_005,1118.0,"\cite{OpenKIM-MO:751354403791:005a},\cite{OpenKIM-MO:751354403791:005},\cite{OpenKIM-MD:120291908751:005}"
48,Al,EAM_Dynamo_PunYamakovMishin_2013_NiAlCo__MO_826591359508_000,1126.0,"\cite{OpenKIM-MO:826591359508:000a},\cite{OpenKIM-MO:826591359508:000},\cite{OpenKIM-MD:120291908751:005}"
52,Al,EAM_Dynamo_SongMendelev_2021_AlSm__MO_722733117926_000,1144.0,"\cite{OpenKIM-MO:722733117926:000a},\cite{OpenKIM-MO:722733117926:000},\cite{OpenKIM-MD:120291908751:005}"
41,Al,EAM_Dynamo_MishinMehlPapaconstantopoulos_2002_NiAl__MO_109933561507_005,1230.0,"\cite{OpenKIM-MO:109933561507:005a},\cite{OpenKIM-MO:109933561507:005},\cite{OpenKIM-MD:120291908751:005}"
32,Al,EAM_Dynamo_LiuErcolessiAdams_2004_Al__MO_051157671505_000,1370.0,"\cite{OpenKIM-MO:051157671505:000a},\cite{OpenKIM-MO:051157671505:000},\cite{OpenKIM-MD:120291908751:005}"
31,Al,EAM_Dynamo_LiuAdams_1998_AlMg__MO_019873715786_000,1376.0,"\cite{OpenKIM-MO:019873715786:000a},\cite{OpenKIM-MO:019873715786:000},\cite{OpenKIM-MD:120291908751:005}"
156,Al,Sim_LAMMPS_MEAM_JelinekGrohHorstemeyer_2012_AlSiMgCuFe__SM_656517352485_000,1560.0,"\cite{OpenKIM-SM:656517352485:000a},\cite{OpenKIM-SM:656517352485:000}"
25,Al,EAM_Dynamo_FarkasCaro_2020_FeNiCrCoAl__MO_820335782779_000,2636.0,"\cite{OpenKIM-MO:820335782779:000a},\cite{OpenKIM-MO:820335782779:000},\cite{OpenKIM-MD:120291908751:005}"
160,Au,Sim_LAMMPS_ADP_StarikovLopanitsynaSmirnova_2018_SiAu__SM_985135773293_000,746.0,"\cite{OpenKIM-SM:985135773293:000a},\cite{OpenKIM-SM:985135773293:000}"
154,Au,Sim_LAMMPS_ADP_StarikovGordeevLysogorskiy_2020_SiAuAl__SM_113843830602_000,764.0,"\cite{OpenKIM-SM:113843830602:000a},\cite{OpenKIM-SM:113843830602:000}"
65,Au,EAM_Dynamo_FoilesBaskesDaw_1986Universal3_Au__MO_559016907324_000,803.0,"\cite{OpenKIM-MO:559016907324:000a},\cite{OpenKIM-MO:559016907324:000b},\cite{OpenKIM-MO:559016907324:000},\cite{OpenKIM-MD:120291908751:005}"
64,Au,EAM_Dynamo_AdamsFoilesWolfer_1989_Au__MO_087738844640_000,804.0,"\cite{OpenKIM-MO:087738844640:000a},\cite{OpenKIM-MO:087738844640:000},\cite{OpenKIM-MD:120291908751:005}"
68,Au,EAM_Dynamo_GrocholaRusso_2005_Au__MO_557267801129_000,811.0,"\cite{OpenKIM-MO:557267801129:000a},\cite{OpenKIM-MO:557267801129:000},\cite{OpenKIM-MD:120291908751:005}"
66,Au,EAM_Dynamo_GolaPastewka_2018_CuAu__MO_426403318662_000,814.0,"\cite{OpenKIM-MO:426403318662:000a},\cite{OpenKIM-MO:426403318662:000},\cite{OpenKIM-MD:120291908751:005}"
75,Au,EAM_Dynamo_ZhouJohnsonWadley_2004NISTretabulation_Au__MO_684444719999_000,829.0,"\cite{OpenKIM-MO:684444719999:000a},\cite{OpenKIM-MO:684444719999:000b},\cite{OpenKIM-MO:684444719999:000},\cite{OpenKIM-MD:120291908751:005}"
17,Au,EAM_Dynamo_ZhouJohnsonWadley_2004NISTretabulation_CuAgAu__MO_318213562153_000,832.0,"\cite{OpenKIM-MO:318213562153:000a},\cite{OpenKIM-MO:318213562153:000},\cite{OpenKIM-MD:120291908751:005}"
69,Au,EAM_Dynamo_NormanStarikovStegailov_2012_Au__MO_592431957881_000,833.0,"\cite{OpenKIM-MO:592431957881:000a},\cite{OpenKIM-MO:592431957881:000b},\cite{OpenKIM-MO:592431957881:000},\cite{OpenKIM-MD:120291908751:005}"
76,Au,EAM_Dynamo_ZhouJohnsonWadley_2004_Au__MO_468407568810_005,836.0,"\cite{OpenKIM-MO:468407568810:005a},\cite{OpenKIM-MO:468407568810:005b},\cite{OpenKIM-MO:468407568810:005},\cite{OpenKIM-MD:120291908751:005}"
161,Au,Sim_LAMMPS_ADP_WangXuQian_2021_AuRh__SM_066295357485_000,847.0,"\cite{OpenKIM-SM:066295357485:000a},\cite{OpenKIM-SM:066295357485:000}"
72,Au,EAM_Dynamo_Olsson_2010_Au__MO_228280943430_000,891.0,"\cite{OpenKIM-MO:228280943430:000a},\cite{OpenKIM-MO:228280943430:000},\cite{OpenKIM-MD:120291908751:005}"
73,Au,EAM_Dynamo_Pun_2017_Au__MO_188701096956_000,991.0,"\cite{OpenKIM-MO:188701096956:000a},\cite{OpenKIM-MO:188701096956:000},\cite{OpenKIM-MD:120291908751:005}"
74,Au,EAM_Dynamo_Zhakhovsky_2009_Au__MO_173248269481_000,1253.0,"\cite{OpenKIM-MO:173248269481:000a},\cite{OpenKIM-MO:173248269481:000},\cite{OpenKIM-MD:120291908751:005}"
70,Au,EAM_Dynamo_OBrienBarrPrice_2018_PtAu__MO_946831081299_000,1300.0,"\cite{OpenKIM-MO:946831081299:000a},\cite{OpenKIM-MO:946831081299:000},\cite{OpenKIM-MD:120291908751:005}"
63,Au,EAM_Dynamo_Ackland_1987_Au__MO_754413982908_000,1345.0,"\cite{OpenKIM-MO:754413982908:000a},\cite{OpenKIM-MO:754413982908:000},\cite{OpenKIM-MD:120291908751:005}"
62,Au,EAM_Dynamo_AcklandTichyVitek_1987_Au__MO_104891429740_005,1375.0,"\cite{OpenKIM-MO:104891429740:005a},\cite{OpenKIM-MO:104891429740:005b},\cite{OpenKIM-MO:104891429740:005c},\cite{OpenKIM-MO:104891429740:005},\cite{OpenKIM-MD:120291908751:005}"
15,Cu,EAM_Dynamo_WuTrinkle_2009_CuAg__MO_270337113239_005,773.0,"\cite{OpenKIM-MO:270337113239:005a},\cite{OpenKIM-MO:270337113239:005},\cite{OpenKIM-MD:120291908751:005}"
144,Cu,SNAP_LiHuChen_2018_Cu__MO_529419924683_000,1047.0,"\cite{OpenKIM-MO:529419924683:000a},\cite{OpenKIM-MO:529419924683:000},\cite{OpenKIM-MD:536750310735:000}"
105,Cu,EAM_Dynamo_ZhouJohnsonWadley_2004_Cu__MO_127245782811_005,1064.0,"\cite{OpenKIM-MO:127245782811:005a},\cite{OpenKIM-MO:127245782811:005b},\cite{OpenKIM-MO:127245782811:005},\cite{OpenKIM-MD:120291908751:005}"
152,Cu,Sim_LAMMPS_ADP_ApostolMishin_2011_AlCu__SM_667696763561_000,1072.0,"\cite{OpenKIM-SM:667696763561:000a},\cite{OpenKIM-SM:667696763561:000}"
103,Cu,EAM_Dynamo_ZhouJohnsonWadley_2004NISTretabulation_Cu__MO_759493141826_000,1082.0,"\cite{OpenKIM-MO:759493141826:000a},\cite{OpenKIM-MO:759493141826:000b},\cite{OpenKIM-MO:759493141826:000},\cite{OpenKIM-MD:120291908751:005}"
18,Cu,EAM_Dynamo_ZhouJohnsonWadley_2004NISTretabulation_CuAgAu__MO_318213562153_000,1086.0,"\cite{OpenKIM-MO:318213562153:000a},\cite{OpenKIM-MO:318213562153:000},\cite{OpenKIM-MD:120291908751:005}"
104,Cu,EAM_Dynamo_ZhouJohnsonWadley_2004_CuTa__MO_547744193826_000,1091.0,"\cite{OpenKIM-MO:547744193826:000a},\cite{OpenKIM-MO:547744193826:000b},\cite{OpenKIM-MO:547744193826:000},\cite{OpenKIM-MD:120291908751:005}"
163,Cu,Sim_LAMMPS_ADP_PunDarlingKecskes_2015_CuTa__SM_399364650444_000,1095.0,"\cite{OpenKIM-SM:399364650444:000a},\cite{OpenKIM-SM:399364650444:000}"
102,Cu,EAM_Dynamo_ZhouJohnsonWadley_2004NISTretabulation_CuTa__MO_950828638160_000,1097.0,"\cite{OpenKIM-MO:950828638160:000a},\cite{OpenKIM-MO:950828638160:000b},\cite{OpenKIM-MO:950828638160:000},\cite{OpenKIM-MD:120291908751:005}"
106,Cu,EAM_Dynamo_ZhouWadleyJohnson_2001_Cu__MO_380822813353_000,1097.0,"\cite{OpenKIM-MO:380822813353:000a},\cite{OpenKIM-MO:380822813353:000b},\cite{OpenKIM-MO:380822813353:000},\cite{OpenKIM-MD:120291908751:005}"
67,Cu,EAM_Dynamo_GolaPastewka_2018_CuAu__MO_426403318662_000,1143.0,"\cite{OpenKIM-MO:426403318662:000a},\cite{OpenKIM-MO:426403318662:000},\cite{OpenKIM-MD:120291908751:005}"
81,Cu,EAM_Dynamo_BonnyPasianotCastin_2009_FeCuNi__MO_469343973171_005,1143.0,"\cite{OpenKIM-MO:469343973171:005a},\cite{OpenKIM-MO:469343973171:005},\cite{OpenKIM-MD:120291908751:005}"
99,Cu,EAM_Dynamo_MishinMehlPapaconstantopoulos_2001_Cu__MO_346334655118_005,1145.0,"\cite{OpenKIM-MO:346334655118:005a},\cite{OpenKIM-MO:346334655118:005},\cite{OpenKIM-MD:120291908751:005}"
12,Cu,EAM_Dynamo_WilliamsMishinHamilton_2006_CuAg__MO_128703483589_005,1149.0,"\cite{OpenKIM-MO:128703483589:005a},\cite{OpenKIM-MO:128703483589:005},\cite{OpenKIM-MD:120291908751:005}"
90,Cu,EAM_Dynamo_FoilesBaskesDaw_1986Universal3_Cu__MO_666348409573_004,1151.0,"\cite{OpenKIM-MO:666348409573:004a},\cite{OpenKIM-MO:666348409573:004b},\cite{OpenKIM-MO:666348409573:004},\cite{OpenKIM-MD:120291908751:005}"
88,Cu,EAM_Dynamo_FischerSchmitzEich_2019_CuNi__MO_266134052596_000,1157.0,"\cite{OpenKIM-MO:266134052596:000a},\cite{OpenKIM-MO:266134052596:000},\cite{OpenKIM-MD:120291908751:005}"
34,Cu,EAM_Dynamo_LiuLiuBorucki_1999_AlCu__MO_020851069572_000,1159.0,"\cite{OpenKIM-MO:020851069572:000a},\cite{OpenKIM-MO:020851069572:000},\cite{OpenKIM-MD:120291908751:005}"
92,Cu,EAM_Dynamo_HoytGarvinWebb_2003_PbCu__MO_119135752160_005,1161.0,"\cite{OpenKIM-MO:119135752160:005a},\cite{OpenKIM-MO:119135752160:005},\cite{OpenKIM-MD:120291908751:005}"
100,Cu,EAM_Dynamo_OnatDurukanoglu_2014_CuNi__MO_592013496703_005,1168.0,"\cite{OpenKIM-MO:592013496703:005a},\cite{OpenKIM-MO:592013496703:005},\cite{OpenKIM-MD:120291908751:005}"
80,Cu,EAM_Dynamo_AdamsFoilesWolfer_1989Universal6_Cu__MO_145873824897_000,1172.0,"\cite{OpenKIM-MO:145873824897:000a},\cite{OpenKIM-MO:145873824897:000},\cite{OpenKIM-MD:120291908751:005}"
145,Cu,SNAP_ZuoChenLi_2019_Cu__MO_931672895580_000,1189.0,"\cite{OpenKIM-MO:931672895580:000a},\cite{OpenKIM-MO:931672895580:000},\cite{OpenKIM-MD:536750310735:000}"
83,Cu,EAM_Dynamo_BorovikovMendelevKing_2016_CuZr__MO_097471813275_000,1190.0,"\cite{OpenKIM-MO:097471813275:000a},\cite{OpenKIM-MO:097471813275:000},\cite{OpenKIM-MD:120291908751:005}"
91,Cu,EAM_Dynamo_Foiles_1985_Cu__MO_831121933939_000,1200.0,"\cite{OpenKIM-MO:831121933939:000a},\cite{OpenKIM-MO:831121933939:000},\cite{OpenKIM-MD:120291908751:005}"
165,Cu,Sim_LAMMPS_MEAM_EtesamiAsadi_2018_Cu__SM_316120381362_001,1209.0,"\cite{OpenKIM-SM:316120381362:001a},\cite{OpenKIM-SM:316120381362:001}"
23,Cu,EAM_Dynamo_CaiYe_1996_AlCu__MO_942551040047_005,1248.0,"\cite{OpenKIM-MO:942551040047:005a},\cite{OpenKIM-MO:942551040047:005},\cite{OpenKIM-MD:120291908751:005}"
146,Cu,SNAP_ZuoChenLi_2019quadratic_Cu__MO_265210066873_000,1278.0,"\cite{OpenKIM-MO:265210066873:000a},\cite{OpenKIM-MO:265210066873:000},\cite{OpenKIM-MD:536750310735:000}"
157,Cu,Sim_LAMMPS_MEAM_JelinekGrohHorstemeyer_2012_AlSiMgCuFe__SM_656517352485_000,1280.0,"\cite{OpenKIM-SM:656517352485:000a},\cite{OpenKIM-SM:656517352485:000}"
94,Cu,EAM_Dynamo_MendelevKing_2013_Cu__MO_748636486270_005,1389.0,"\cite{OpenKIM-MO:748636486270:005a},\cite{OpenKIM-MO:748636486270:005},\cite{OpenKIM-MD:120291908751:005}"
86,Cu,EAM_Dynamo_FarkasCaro_2018_FeNiCrCoCu__MO_803527979660_000,1400.0,"\cite{OpenKIM-MO:803527979660:000a},\cite{OpenKIM-MO:803527979660:000},\cite{OpenKIM-MD:120291908751:005}"
84,Cu,EAM_Dynamo_DeluigiPasianotValencia_2021_FeNiCrCoCu__MO_657255834688_000,1402.0,"\cite{OpenKIM-MO:657255834688:000a},\cite{OpenKIM-MO:657255834688:000},\cite{OpenKIM-MD:120291908751:005}"
95,Cu,EAM_Dynamo_MendelevKramerBecker_2008_Cu__MO_945691923444_005,1457.0,"\cite{OpenKIM-MO:945691923444:005a},\cite{OpenKIM-MO:945691923444:005},\cite{OpenKIM-MD:120291908751:005}"
96,Cu,EAM_Dynamo_MendelevKramerOtt_2009_CuZr__MO_600021860456_005,1471.0,"\cite{OpenKIM-MO:600021860456:005a},\cite{OpenKIM-MO:600021860456:005},\cite{OpenKIM-MD:120291908751:005}"
98,Cu,EAM_Dynamo_MendelevSunZhang_2019_CuZr__MO_609260676108_000,1473.0,"\cite{OpenKIM-MO:609260676108:000a},\cite{OpenKIM-MO:609260676108:000},\cite{OpenKIM-MD:120291908751:005}"
97,Cu,EAM_Dynamo_MendelevSordeletKramer_2007_CuZr__MO_120596890176_005,1482.0,"\cite{OpenKIM-MO:120596890176:005a},\cite{OpenKIM-MO:120596890176:005},\cite{OpenKIM-MD:120291908751:005}"
78,Cu,EAM_Dynamo_AcklandTichyVitek_1987v2_Cu__MO_762798677854_000,1569.0,"\cite{OpenKIM-MO:762798677854:000a},\cite{OpenKIM-MO:762798677854:000},\cite{OpenKIM-MD:120291908751:005}"
77,Cu,EAM_Dynamo_AcklandTichyVitek_1987_Cu__MO_179025990738_005,1773.0,"\cite{OpenKIM-MO:179025990738:005a},\cite{OpenKIM-MO:179025990738:005},\cite{OpenKIM-MD:120291908751:005}"
79,Cu,EAM_Dynamo_AcklandVitek_1990_Cu__MO_642748370624_000,1842.0,"\cite{OpenKIM-MO:642748370624:000a},\cite{OpenKIM-MO:642748370624:000},\cite{OpenKIM-MD:120291908751:005}"
164,Cu,Sim_LAMMPS_MEAM_AsadiZaeemNouranian_2015_Cu__SM_239791545509_000,1952.0,"\cite{OpenKIM-SM:239791545509:000a},\cite{OpenKIM-SM:239791545509:000}"
166,Cu,Sim_LAMMPS_MEAM_Wagner_2007_Cu__SM_521856783904_000,3554.0,
168,Ni,Sim_LAMMPS_ADP_XuWangQian_2022_NiPd__SM_559286646876_000,1622.0,"\cite{OpenKIM-SM:559286646876:000a},\cite{OpenKIM-SM:559286646876:000}"
170,Ni,Sim_LAMMPS_ADP_XuWangQian_2022_NiRh__SM_306597220004_000,1644.0,"\cite{OpenKIM-SM:306597220004:000a},\cite{OpenKIM-SM:306597220004:000}"
116,Ni,EAM_Dynamo_FoilesHoyt_2006_Ni__MO_776437554506_000,1748.0,"\cite{OpenKIM-MO:776437554506:000a},\cite{OpenKIM-MO:776437554506:000},\cite{OpenKIM-MD:120291908751:005}"
101,Ni,EAM_Dynamo_OnatDurukanoglu_2014_CuNi__MO_592013496703_005,1761.0,"\cite{OpenKIM-MO:592013496703:005a},\cite{OpenKIM-MO:592013496703:005},\cite{OpenKIM-MD:120291908751:005}"
131,Ni,EAM_Dynamo_ZhouJohnsonWadley_2004_Ni__MO_110256178378_005,1790.0,"\cite{OpenKIM-MO:110256178378:005a},\cite{OpenKIM-MO:110256178378:005b},\cite{OpenKIM-MO:110256178378:005},\cite{OpenKIM-MD:120291908751:005}"
128,Ni,EAM_Dynamo_ZhangAshcraftMendelev_2016_NiNb__MO_047308317761_000,1813.0,"\cite{OpenKIM-MO:047308317761:000a},\cite{OpenKIM-MO:047308317761:000},\cite{OpenKIM-MD:120291908751:005}"
130,Ni,EAM_Dynamo_ZhouJohnsonWadley_2004NISTretabulation_Ni__MO_593762436933_000,1826.0,"\cite{OpenKIM-MO:593762436933:000a},\cite{OpenKIM-MO:593762436933:000b},\cite{OpenKIM-MO:593762436933:000},\cite{OpenKIM-MD:120291908751:005}"
9,Ni,EAM_Dynamo_PanBorovikovMendelev_2108_AgNi__MO_222110751402_000,1858.0,"\cite{OpenKIM-MO:222110751402:000a},\cite{OpenKIM-MO:222110751402:000},\cite{OpenKIM-MD:120291908751:005}"
120,Ni,EAM_Dynamo_MendelevKramerHao_2012_Ni__MO_832600236922_005,1875.0,"\cite{OpenKIM-MO:832600236922:005a},\cite{OpenKIM-MO:832600236922:005},\cite{OpenKIM-MD:120291908751:005}"
127,Ni,EAM_Dynamo_WilsonMendelev_2015_NiZr__MO_306032198193_000,1881.0,"\cite{OpenKIM-MO:306032198193:000a},\cite{OpenKIM-MO:306032198193:000},\cite{OpenKIM-MD:120291908751:005}"
167,Ni,Sim_LAMMPS_ADP_MishinMehlPapaconstantopoulos_2005_Ni__SM_477692857359_000,1894.0,"\cite{OpenKIM-SM:477692857359:000a},\cite{OpenKIM-SM:477692857359:000}"
119,Ni,EAM_Dynamo_MendelevKramerHao_2012_NiZr__MO_149104665840_005,1907.0,"\cite{OpenKIM-MO:149104665840:005a},\cite{OpenKIM-MO:149104665840:005},\cite{OpenKIM-MD:120291908751:005}"
149,Ni,SNAP_ZuoChenLi_2019quadratic_Ni__MO_263593395744_000,1931.0,"\cite{OpenKIM-MO:263593395744:000a},\cite{OpenKIM-MO:263593395744:000},\cite{OpenKIM-MD:536750310735:000}"
129,Ni,EAM_Dynamo_ZhouFosterSills_2018_FeNiCr__MO_036303866285_000,1936.0,"\cite{OpenKIM-MO:036303866285:000a},\cite{OpenKIM-MO:036303866285:000},\cite{OpenKIM-MD:120291908751:005}"
173,Ni,Sim_LAMMPS_MEAM_EtesamiAsadi_2018_Ni__SM_333792531460_001,1960.0,"\cite{OpenKIM-SM:333792531460:001a},\cite{OpenKIM-SM:333792531460:001}"
21,Ni,EAM_Dynamo_AngeloMoodyBaskes_1995_NiAlH__MO_418978237058_005,1969.0,"\cite{OpenKIM-MO:418978237058:005a},\cite{OpenKIM-MO:418978237058:005b},\cite{OpenKIM-MO:418978237058:005},\cite{OpenKIM-MD:120291908751:005}"
82,Ni,EAM_Dynamo_BonnyPasianotCastin_2009_FeCuNi__MO_469343973171_005,2017.0,"\cite{OpenKIM-MO:469343973171:005a},\cite{OpenKIM-MO:469343973171:005},\cite{OpenKIM-MD:120291908751:005}"
118,Ni,EAM_Dynamo_MendelevBorovikov_2020_FeNiCr__MO_922363340570_000,2021.0,
113,Ni,EAM_Dynamo_BonnyPasianotMalerba_2009_FeNi__MO_267721408934_005,2056.0,"\cite{OpenKIM-MO:267721408934:005a},\cite{OpenKIM-MO:267721408934:005},\cite{OpenKIM-MD:120291908751:005}"
117,Ni,EAM_Dynamo_Foiles_1985_Ni__MO_010059867259_000,2069.0,"\cite{OpenKIM-MO:010059867259:000a},\cite{OpenKIM-MO:010059867259:000},\cite{OpenKIM-MD:120291908751:005}"
42,Ni,EAM_Dynamo_MishinMehlPapaconstantopoulos_2002_NiAl__MO_109933561507_005,2072.0,"\cite{OpenKIM-MO:109933561507:005a},\cite{OpenKIM-MO:109933561507:005},\cite{OpenKIM-MD:120291908751:005}"
44,Ni,EAM_Dynamo_Mishin_2004_NiAl__MO_101214310689_005,2102.0,"\cite{OpenKIM-MO:101214310689:005a},\cite{OpenKIM-MO:101214310689:005},\cite{OpenKIM-MD:120291908751:005}"
126,Ni,EAM_Dynamo_TehranchiCurtin_2010_NiH__MO_535504325462_003,2108.0,"\cite{OpenKIM-MO:535504325462:000a},\cite{OpenKIM-MO:535504325462:003},\cite{OpenKIM-MD:120291908751:005}"
89,Ni,EAM_Dynamo_FischerSchmitzEich_2019_CuNi__MO_266134052596_000,2111.0,"\cite{OpenKIM-MO:266134052596:000a},\cite{OpenKIM-MO:266134052596:000},\cite{OpenKIM-MD:120291908751:005}"
122,Ni,EAM_Dynamo_PunYamakovMishin_2015_NiCo__MO_010613863288_000,2118.0,"\cite{OpenKIM-MO:010613863288:000a},\cite{OpenKIM-MO:010613863288:000},\cite{OpenKIM-MD:120291908751:005}"
110,Ni,EAM_Dynamo_BelandLuOsetskiy_2016_CoNi__MO_871937946490_000,2121.0,"\cite{OpenKIM-MO:871937946490:000a},\cite{OpenKIM-MO:871937946490:000},\cite{OpenKIM-MD:120291908751:005}"
123,Ni,EAM_Dynamo_SamolyukBelandStocks_2016_NiPd__MO_532072268679_000,2122.0,"\cite{OpenKIM-MO:532072268679:000a},\cite{OpenKIM-MO:532072268679:000},\cite{OpenKIM-MD:120291908751:005}"
46,Ni,EAM_Dynamo_PunMishin_2009_NiAl__MO_751354403791_005,2124.0,"\cite{OpenKIM-MO:751354403791:005a},\cite{OpenKIM-MO:751354403791:005},\cite{OpenKIM-MD:120291908751:005}"
49,Ni,EAM_Dynamo_PunYamakovMishin_2013_NiAlCo__MO_826591359508_000,2124.0,"\cite{OpenKIM-MO:826591359508:000a},\cite{OpenKIM-MO:826591359508:000},\cite{OpenKIM-MD:120291908751:005}"
125,Ni,EAM_Dynamo_StollerTammBeland_2016_Ni__MO_103383163946_000,2150.0,"\cite{OpenKIM-MO:103383163946:000a},\cite{OpenKIM-MO:103383163946:000},\cite{OpenKIM-MD:120291908751:005}"
148,Ni,SNAP_ZuoChenLi_2019_Ni__MO_365106510449_000,2194.0,"\cite{OpenKIM-MO:365106510449:000a},\cite{OpenKIM-MO:365106510449:000},\cite{OpenKIM-MD:536750310735:000}"
115,Ni,EAM_Dynamo_FoilesBaskesDaw_1986Universal3_Ni__MO_580571659842_000,2215.0,"\cite{OpenKIM-MO:580571659842:000a},\cite{OpenKIM-MO:580571659842:000b},\cite{OpenKIM-MO:580571659842:000},\cite{OpenKIM-MD:120291908751:005}"
109,Ni,EAM_Dynamo_AdamsFoilesWolfer_1989Universal6_Ni__MO_258836200237_000,2308.0,"\cite{OpenKIM-MO:258836200237:000a},\cite{OpenKIM-MO:258836200237:000},\cite{OpenKIM-MD:120291908751:005}"
85,Ni,EAM_Dynamo_DeluigiPasianotValencia_2021_FeNiCrCoCu__MO_657255834688_000,2524.0,"\cite{OpenKIM-MO:657255834688:000a},\cite{OpenKIM-MO:657255834688:000},\cite{OpenKIM-MD:120291908751:005}"
26,Ni,EAM_Dynamo_FarkasCaro_2020_FeNiCrCoAl__MO_820335782779_000,2526.0,"\cite{OpenKIM-MO:820335782779:000a},\cite{OpenKIM-MO:820335782779:000},\cite{OpenKIM-MD:120291908751:005}"
87,Ni,EAM_Dynamo_FarkasCaro_2018_FeNiCrCoCu__MO_803527979660_000,2546.0,"\cite{OpenKIM-MO:803527979660:000a},\cite{OpenKIM-MO:803527979660:000},\cite{OpenKIM-MD:120291908751:005}"
121,Ni,EAM_Dynamo_MishinFarkasMehl_1999_Ni__MO_400591584784_005,2550.0,"\cite{OpenKIM-MO:400591584784:005a},\cite{OpenKIM-MO:400591584784:005},\cite{OpenKIM-MD:120291908751:005}"
112,Ni,EAM_Dynamo_BonnyCastinTerentyev_2013_FeNiCr__MO_763197941039_000,2632.0,"\cite{OpenKIM-MO:763197941039:000a},\cite{OpenKIM-MO:763197941039:000},\cite{OpenKIM-MD:120291908751:005}"
147,Ni,SNAP_LiHuChen_2018_NiMo__MO_468686727341_000,2647.0,"\cite{OpenKIM-MO:468686727341:000a},\cite{OpenKIM-MO:468686727341:000},\cite{OpenKIM-MD:536750310735:000}"
175,Ni,Sim_LAMMPS_MEAM_MaiselKoZhang_2017_VNiTi__SM_971529344487_000,2766.0,"\cite{OpenKIM-SM:971529344487:000a},\cite{OpenKIM-SM:971529344487:000}"
174,Ni,Sim_LAMMPS_MEAM_KoGrabowskiNeugebauer_2015_NiTi__SM_770142935022_000,2896.0,"\cite{OpenKIM-SM:770142935022:000a},\cite{OpenKIM-SM:770142935022:000}"
172,Ni,Sim_LAMMPS_MEAM_AsadiZaeemNouranian_2015_Ni__SM_078420412697_001,3108.0,"\cite{OpenKIM-SM:078420412697:001a},\cite{OpenKIM-SM:078420412697:001}"
107,Ni,EAM_Dynamo_AcklandTichyVitek_1987_Ni__MO_977363131043_005,3631.0,"\cite{OpenKIM-MO:977363131043:005a},\cite{OpenKIM-MO:977363131043:005},\cite{OpenKIM-MD:120291908751:005}"
111,Ni,EAM_Dynamo_BelandTammMu_2017_FeNiCr__MO_715003088863_000,3858.0,"\cite{OpenKIM-MO:715003088863:000a},\cite{OpenKIM-MO:715003088863:000},\cite{OpenKIM-MD:120291908751:005}"
114,Ni,EAM_Dynamo_BonnyTerentyevPasianot_2011_FeNiCr__MO_677715648236_000,3928.0,"\cite{OpenKIM-MO:677715648236:000a},\cite{OpenKIM-MO:677715648236:000},\cite{OpenKIM-MD:120291908751:005}"
108,Ni,EAM_Dynamo_AcklandTichyVitek_1987v2_Ni__MO_769632475533_000,4136.0,"\cite{OpenKIM-MO:769632475533:000a},\cite{OpenKIM-MO:769632475533:000},\cite{OpenKIM-MD:120291908751:005}"
176,Ni,Sim_LAMMPS_MEAM_Wagner_2007_Ni__SM_168413969663_000,6258.0,
133,Pb,EAM_Dynamo_ZhouJohnsonWadley_2004NISTretabulation_Pb__MO_988703794028_000,308.0,"\cite{OpenKIM-MO:988703794028:000a},\cite{OpenKIM-MO:988703794028:000b},\cite{OpenKIM-MO:988703794028:000},\cite{OpenKIM-MD:120291908751:005}"
134,Pb,EAM_Dynamo_ZhouJohnsonWadley_2004_Pb__MO_116920074573_005,309.0,"\cite{OpenKIM-MO:116920074573:005a},\cite{OpenKIM-MO:116920074573:005b},\cite{OpenKIM-MO:116920074573:005},\cite{OpenKIM-MD:120291908751:005}"
30,Pb,EAM_Dynamo_LandaWynblattSiegel_2000_AlPb__MO_699137396381_005,375.0,"\cite{OpenKIM-MO:699137396381:005a},\cite{OpenKIM-MO:699137396381:005b},\cite{OpenKIM-MO:699137396381:005c},\cite{OpenKIM-MO:699137396381:005},\cite{OpenKIM-MD:120291908751:005}"
93,Pb,EAM_Dynamo_HoytGarvinWebb_2003_PbCu__MO_119135752160_005,383.0,"\cite{OpenKIM-MO:119135752160:005a},\cite{OpenKIM-MO:119135752160:005},\cite{OpenKIM-MD:120291908751:005}"
132,Pb,EAM_Dynamo_WangZhuXiang_2018pot2_Pb__MO_961101070310_000,488.0,"\cite{OpenKIM-MO:961101070310:000a},\cite{OpenKIM-MO:961101070310:000},\cite{OpenKIM-MD:120291908751:005}"
137,Pd,EAM_Dynamo_ZhouBarteltSills_2021_PdHHe__MO_865505436319_000,926.0,"\cite{OpenKIM-MO:865505436319:000a},\cite{OpenKIM-MO:865505436319:000},\cite{OpenKIM-MD:120291908751:005}"
139,Pd,EAM_Dynamo_ZhouZimmermanWong_2008_PdH__MO_114797992931_000,965.0,"\cite{OpenKIM-MO:114797992931:000a},\cite{OpenKIM-MO:114797992931:000},\cite{OpenKIM-MD:120291908751:005}"
5,Pd,EAM_Dynamo_HaleWongZimmerman_2008PairHybrid_PdAgH__MO_104806802344_005,977.0,"\cite{OpenKIM-MO:104806802344:005a},\cite{OpenKIM-MO:104806802344:005b},\cite{OpenKIM-MO:104806802344:005},\cite{OpenKIM-MD:120291908751:005}"
7,Pd,EAM_Dynamo_HaleWongZimmerman_2008PairMorse_PdAgH__MO_108983864770_005,987.0,"\cite{OpenKIM-MO:108983864770:005a},\cite{OpenKIM-MO:108983864770:005b},\cite{OpenKIM-MO:108983864770:005},\cite{OpenKIM-MD:120291908751:005}"
136,Pd,EAM_Dynamo_FoilesBaskesDaw_1986Universal3_Pd__MO_786012902615_000,1067.0,"\cite{OpenKIM-MO:786012902615:000a},\cite{OpenKIM-MO:786012902615:000b},\cite{OpenKIM-MO:786012902615:000},\cite{OpenKIM-MD:120291908751:005}"
135,Pd,EAM_Dynamo_AdamsFoilesWolfer_1989Universal6_Pd__MO_169076431435_000,1196.0,"\cite{OpenKIM-MO:169076431435:000a},\cite{OpenKIM-MO:169076431435:000},\cite{OpenKIM-MD:120291908751:005}"
124,Pd,EAM_Dynamo_SamolyukBelandStocks_2016_NiPd__MO_532072268679_000,1270.0,"\cite{OpenKIM-MO:532072268679:000a},\cite{OpenKIM-MO:532072268679:000},\cite{OpenKIM-MD:120291908751:005}"
138,Pd,EAM_Dynamo_ZhouJohnsonWadley_2004NISTretabulation_Pd__MO_993644691224_000,1351.0,"\cite{OpenKIM-MO:993644691224:000a},\cite{OpenKIM-MO:993644691224:000b},\cite{OpenKIM-MO:993644691224:000},\cite{OpenKIM-MD:120291908751:005}"
169,Pd,Sim_LAMMPS_ADP_XuWangQian_2022_NiPd__SM_559286646876_000,1372.0,"\cite{OpenKIM-SM:559286646876:000a},\cite{OpenKIM-SM:559286646876:000}"
51,Pd,EAM_Dynamo_SchopfBrommerFrigan_2012_AlMnPd__MO_137572817842_000,7016.0,"\cite{OpenKIM-MO:137572817842:000a},\cite{OpenKIM-MO:137572817842:000},\cite{OpenKIM-MD:120291908751:005}"
141,Pt,EAM_Dynamo_FoilesBaskesDaw_1986Universal3_Pt__MO_757342646688_000,1160.0,"\cite{OpenKIM-MO:757342646688:000a},\cite{OpenKIM-MO:757342646688:000b},\cite{OpenKIM-MO:757342646688:000},\cite{OpenKIM-MD:120291908751:005}"
140,Pt,EAM_Dynamo_AdamsFoilesWolfer_1989Universal6_Pt__MO_388062184209_000,1233.0,"\cite{OpenKIM-MO:388062184209:000a},\cite{OpenKIM-MO:388062184209:000},\cite{OpenKIM-MD:120291908751:005}"
71,Pt,EAM_Dynamo_OBrienBarrPrice_2018_PtAu__MO_946831081299_000,1454.0,"\cite{OpenKIM-MO:946831081299:000a},\cite{OpenKIM-MO:946831081299:000},\cite{OpenKIM-MD:120291908751:005}"
142,Pt,EAM_Dynamo_ZhouJohnsonWadley_2004NISTretabulation_Pt__MO_601539325066_000,1545.0,"\cite{OpenKIM-MO:601539325066:000a},\cite{OpenKIM-MO:601539325066:000b},\cite{OpenKIM-MO:601539325066:000},\cite{OpenKIM-MD:120291908751:005}"
143,Pt,EAM_Dynamo_ZhouWadleyJohnson_2001_Pt__MO_102190350384_005,1550.0,"\cite{OpenKIM-MO:102190350384:005a},\cite{OpenKIM-MO:102190350384:005b},\cite{OpenKIM-MO:102190350384:005},\cite{OpenKIM-MD:120291908751:005}"
171,Rh,Sim_LAMMPS_ADP_XuWangQian_2022_NiRh__SM_306597220004_000,2526.0,"\cite{OpenKIM-SM:306597220004:000a},\cite{OpenKIM-SM:306597220004:000}"
162,Rh,Sim_LAMMPS_ADP_WangXuQian_2021_AuRh__SM_066295357485_000,3364.0,"\cite{OpenKIM-SM:066295357485:000a},\cite{OpenKIM-SM:066295357485:000}"
